rfc_score,gbc_score,logreg_score
0.1714101727051474,2.165122025378177e-09,0.00011447820403389557
0.6954498139522349,0.9999999942868296,0.9226070246759587
0.5897135663254606,0.9999999835095177,0.8595850881766514
